filename,label
0,0
1,1
2,2
3,3
4,3
5,2
6,4
7,5
8,6
9,7
10,8
11,9
12,1
13,1
14,10
15,11
16,12
17,2
18,13
19,14
20,15
21,2
22,16
23,1
24,17
25,9
26,17
27,15
28,1
29,18
30,19
31,15
32,12
33,16
34,20
35,4
36,1
37,21
38,1
39,3
40,12
41,22
42,3
43,3
44,11
45,23
46,6
47,3
48,8
49,10
50,3
51,3
52,16
53,17
54,24
55,3
56,25
57,1
58,3
59,15
60,26
61,8
62,27
63,19
64,1
65,28
66,4
67,4
68,21
69,9
70,29
71,30
72,27
73,26
74,24
75,0
76,31
77,2
78,8
79,10
80,32
81,33
82,27
83,28
84,1
85,17
86,13
87,14
88,3
89,34
90,16
91,1
92,35
93,36
94,37
95,3
96,32
97,38
98,1
99,22
100,1
101,25
102,4
103,29
104,10
105,10
106,3
107,10
108,1
109,27
110,39
111,3
112,7
113,10
114,40
115,1
116,16
117,1
118,3
119,3
120,28
121,40
122,32
123,4
124,10
125,33
126,3
127,19
128,3
129,16
130,3
131,14
132,10
133,35
134,20
135,36
136,3
137,21
138,1
139,41
140,42
141,31
142,1
143,17
144,3
145,24
146,32
147,14
148,16
149,22
150,5
151,27
152,10
153,36
154,32
155,1
156,10
157,3
158,36
159,16
160,32
161,1
162,28
163,39
164,1
165,32
166,31
167,16
168,31
169,34
170,43
171,38
172,28
173,20
174,8
175,9
176,21
177,14
178,22
179,30
180,11
181,1
182,23
183,1
184,22
185,21
186,31
187,37
188,3
189,39
190,10
191,22
192,6
193,44
194,15
195,22
196,27
197,32
198,4
199,28
200,6
201,45
202,9
203,31
204,35
205,39
206,4
207,12
208,9
209,1
210,3
211,8
212,8
213,5
214,2
215,3
216,7
217,10
218,32
219,26
220,12
221,17
222,3
223,13
224,28
225,5
226,22
227,24
228,39
229,3
230,42
231,9
232,2
233,1
234,1
235,8
236,9
237,28
238,44
239,1
240,17
241,1
242,1
243,4
244,31
245,24
246,1
247,6
248,10
249,15
250,1
251,41
252,19
253,16
254,3
255,3
256,15
257,13
258,3
259,5
260,6
261,10
262,8
263,13
264,30
265,19
266,12
267,0
268,3
269,6
270,1
271,9
272,16
273,35
274,12
275,42
276,10
277,1
278,22
279,40
280,28
281,31
282,41
283,0
284,0
285,8
286,30
287,11
288,3
289,21
290,1
291,34
292,1
293,0
294,26
295,2
296,13
297,18
298,7
299,28
300,1
301,23
302,31
303,22
304,46
305,3
306,3
307,3
308,1
309,11
310,3
311,21
312,16
313,11
314,16
315,4
316,47
317,15
318,47
319,16
320,1
321,28
322,39
323,25
324,10
325,3
326,17
327,41
328,13
329,1
330,12
331,36
332,28
333,27
334,3
335,40
336,3
337,13
338,1
339,1
340,3
341,47
342,6
343,26
344,3
345,9
346,28
347,3
348,1
349,17
350,15
351,29
352,19
353,42
354,19
355,29
356,3
357,1
358,9
359,9
360,3
361,1
362,1
363,12
364,28
365,3
366,9
367,16
368,22
369,10
370,3
371,32
372,3
373,15
374,1
375,10
376,16
377,6
378,14
379,1
380,19
381,40
382,15
383,26
384,41
385,28
386,14
387,10
388,1
389,12
390,28
391,1
392,1
393,3
394,20
395,17
396,25
397,10
398,3
399,1
400,3
401,13
402,47
403,3
404,1
405,4
406,9
407,1
408,43
409,10
410,9
411,21
412,0
413,1
414,1
415,3
416,12
417,7
418,16
419,9
420,4
421,39
422,19
423,10
424,3
425,36
426,21
427,27
428,3
429,6
430,21
431,36
432,1
433,10
434,9
435,40
436,10
437,11
438,3
439,3
440,17
441,3
442,26
443,6
444,28
445,2
446,11
447,17
448,41
449,16
450,1
451,21
452,28
453,0
454,13
455,15
456,28
457,21
458,3
459,22
460,17
461,6
462,5
463,3
464,16
465,3
466,19
467,9
468,1
469,13
470,35
471,1
472,27
473,28
474,4
475,8
476,3
477,9
478,23
479,9
480,15
481,3
482,17
483,1
484,26
485,0
486,10
487,3
488,28
489,32
490,3
491,9
492,24
493,44
494,21
495,1
496,10
497,16
498,33
499,48
500,41
501,31
502,15
503,10
504,10
505,24
506,30
507,28
508,3
509,17
510,10
511,18
512,38
513,1
514,22
515,6
516,30
517,12
518,8
519,21
520,16
521,11
522,3
523,22
524,36
525,28
526,36
527,1
528,40
529,24
530,16
531,27
532,31
533,15
534,6
535,1
536,1
537,30
538,38
539,23
540,21
541,3
542,11
543,3
544,33
545,10
546,1
547,18
548,16
549,42
550,13
551,22
552,10
553,2
554,2
555,1
556,14
557,18
558,19
559,36
560,3
561,9
562,36
563,24
564,42
565,1
566,19
567,10
568,35
569,28
570,41
571,10
572,36
573,45
574,6
575,17
576,9
577,28
578,5
579,3
580,0
581,28
582,14
583,33
584,3
585,1
586,3
587,16
588,16
589,3
590,16
591,30
592,16
593,1
594,8
595,11
596,1
597,11
598,35
599,1
600,26
601,27
602,3
603,24
604,17
605,4
606,6
607,12
608,32
609,16
610,18
611,41
612,11
613,16
614,1
615,28
616,16
617,9
618,3
619,10
620,20
621,3
622,8
623,12
624,31
625,9
626,0
627,10
628,38
629,0
630,26
631,10
632,17
633,43
634,0
635,3
636,1
637,48
638,48
639,28
640,9
641,3
642,26
643,15
644,12
645,9
646,14
647,2
648,38
649,16
650,17
651,43
652,26
653,13
654,11
655,24
656,41
657,32
658,45
659,13
660,3
661,43
662,16
663,10
664,0
665,21
666,3
667,37
668,19
669,13
670,1
671,15
672,7
673,6
674,1
675,16
676,3
677,11
678,13
679,16
680,30
681,16
682,12
683,13
684,30
685,3
686,16
687,14
688,3
689,26
690,13
691,8
692,10
693,3
694,37
695,9
696,24
697,45
698,10
699,14
700,36
701,9
702,10
703,3
704,14
705,3
706,35
707,11
708,45
709,11
710,30
711,43
712,1
713,32
714,23
715,21
716,8
717,42
718,18
719,2
720,1
721,22
722,32
723,37
724,11
725,16
726,3
727,38
728,4
729,1
730,16
731,21
732,36
733,38
734,3
735,39
736,3
737,3
738,20
739,3
740,10
741,31
742,21
743,11
744,22
745,38
746,28
747,36
748,21
749,2
750,16
751,9
752,10
753,22
754,16
755,1
756,12
757,18
758,20
759,3
760,14
761,26
762,16
763,30
764,16
765,8
766,8
767,5
768,16
769,6
770,1
771,10
772,6
773,1
774,9
775,9
776,29
777,3
778,8
779,16
780,28
781,16
782,35
783,16
784,32
785,17
786,39
787,22
788,11
789,10
790,9
791,11
792,8
793,22
794,44
795,1
796,41
797,8
798,3
799,20
800,16
801,10
802,1
803,16
804,17
805,3
806,3
807,13
808,31
809,3
810,4
811,7
812,20
813,32
814,2
815,23
816,8
817,10
818,47
819,9
820,16
821,10
822,16
823,11
824,39
825,32
826,28
827,0
828,13
829,43
830,1
831,44
832,28
833,36
834,1
835,11
836,3
837,8
838,1
839,16
840,1
841,1
842,27
843,3
844,42
845,28
846,2
847,11
848,1
849,10
850,37
851,43
852,11
853,32
854,15
855,16
856,4
857,4
858,1
859,3
860,1
861,34
862,25
863,6
864,23
865,44
866,30
867,15
868,28
869,16
870,24
871,1
872,16
873,0
874,8
875,14
876,36
877,25
878,9
879,4
880,3
881,3
882,18
883,4
884,32
885,36
886,38
887,16
888,32
889,36
890,44
891,21
892,26
893,1
894,1
895,0
896,9
897,11
898,43
899,1
900,32
901,42
902,14
903,22
904,3
905,5
906,4
907,17
908,25
909,7
910,3
911,4
912,6
913,13
914,10
915,24
916,42
917,10
918,19
919,16
920,32
921,3
922,22
923,28
924,3
925,33
926,22
927,8
928,14
929,16
930,8
931,16
932,10
933,8
934,3
935,1
936,22
937,1
938,41
939,32
940,31
941,31
942,35
943,32
944,45
945,36
946,1
947,17
948,3
949,10
950,17
951,14
952,26
953,9
954,6
955,9
956,31
957,1
958,10
959,5
960,8
961,3
962,16
963,3
964,16
965,10
966,37
967,11
968,42
969,1
970,15
971,17
972,9
973,1
974,1
975,10
976,39
977,16
978,31
979,44
980,6
981,14
982,14
983,1
984,0
985,16
986,14
987,11
988,8
989,35
990,38
991,43
992,8
993,2
994,48
995,21
996,6
997,17
998,26
999,20
1000,16
1001,2
1002,27
1003,31
1004,17
1005,6
1006,26
1007,3
1008,17
1009,38
1010,1
1011,3
1012,18
1013,18
1014,28
1015,16
1016,16
1017,8
1018,38
1019,4
1020,11
1021,1
1022,15
1023,46
1024,3
1025,22
1026,17
1027,21
1028,10
1029,3
1030,14
1031,22
1032,36
1033,43
1034,2
1035,4
1036,3
1037,1
1038,7
1039,44
1040,14
1041,1
1042,24
1043,3
1044,16
1045,18
1046,31
1047,21
1048,8
1049,1
1050,2
1051,3
1052,10
1053,16
1054,32
1055,1
1056,15
1057,9
1058,27
1059,9
1060,1
1061,10
1062,9
1063,4
1064,3
1065,35
1066,26
1067,16
1068,28
1069,20
1070,19
1071,13
1072,17
1073,41
1074,31
1075,18
1076,21
1077,0
1078,22
1079,9
1080,13
1081,4
1082,33
1083,12
1084,3
1085,5
1086,32
1087,3
1088,11
1089,4
1090,3
1091,9
1092,3
1093,10
1094,13
1095,8
1096,3
1097,36
1098,12
1099,3
1100,4
1101,13
1102,21
1103,2
1104,1
1105,6
1106,3
1107,3
1108,5
1109,31
1110,4
1111,10
1112,11
1113,3
1114,4
1115,16
1116,10
1117,3
1118,3
1119,1
1120,31
1121,1
1122,6
1123,21
1124,3
1125,25
1126,15
1127,43
1128,31
1129,29
1130,0
1131,4
1132,43
1133,10
1134,11
1135,4
1136,10
1137,17
1138,12
1139,16
1140,16
1141,32
1142,44
1143,28
1144,21
1145,2
1146,28
1147,1
1148,28
1149,2
1150,3
1151,1
1152,3
1153,6
1154,11
1155,14
1156,35
1157,11
1158,3
1159,37
1160,43
1161,21
1162,10
1163,41
1164,36
1165,5
1166,13
1167,11
1168,10
1169,16
1170,10
1171,4
1172,13
1173,29
1174,38
1175,32
1176,3
1177,45
1178,3
1179,1
1180,5
1181,4
1182,3
1183,32
1184,10
1185,23
1186,27
1187,11
1188,39
1189,3
1190,31
1191,30
1192,19
1193,10
1194,4
1195,22
1196,25
1197,3
1198,41
1199,43
1200,30
1201,11
1202,6
1203,9
1204,32
1205,32
1206,3
1207,28
1208,9
1209,26
1210,23
1211,15
1212,2
1213,11
1214,28
1215,18
1216,26
1217,15
1218,28
1219,1
1220,2
1221,3
1222,3
1223,1
1224,36
1225,9
1226,41
1227,40
1228,1
1229,25
1230,4
1231,1
1232,4
1233,32
1234,32
1235,32
1236,10
1237,1
1238,10
1239,44
1240,45
1241,11
1242,8
1243,3
1244,37
1245,6
1246,10
1247,21
1248,41
1249,16
1250,1
1251,35
1252,12
1253,35
1254,8
1255,10
1256,26
1257,28
1258,42
1259,3
1260,32
1261,17
1262,28
1263,43
1264,16
1265,46
1266,14
1267,32
1268,16
1269,1
1270,2
1271,0
1272,14
1273,42
1274,36
1275,12
1276,38
1277,44
1278,17
1279,38
1280,26
1281,19
1282,3
1283,24
1284,29
1285,12
1286,10
1287,19
1288,27
1289,28
1290,7
1291,38
1292,5
1293,29
1294,10
1295,22
1296,14
1297,14
1298,46
1299,17
1300,3
1301,45
1302,10
1303,10
1304,1
1305,21
1306,3
1307,2
1308,28
1309,46
1310,11
1311,16
1312,28
1313,28
1314,14
1315,38
1316,4
1317,11
1318,31
1319,16
1320,22
1321,10
1322,8
1323,37
1324,0
1325,9
1326,11
1327,13
1328,3
1329,31
1330,7
1331,8
1332,39
1333,11
1334,14
1335,32
1336,22
1337,16
1338,16
1339,18
1340,31
1341,3
1342,16
1343,35
1344,12
1345,16
1346,10
1347,8
1348,8
1349,45
1350,1
1351,15
1352,44
1353,27
1354,41
1355,12
1356,22
1357,16
1358,3
1359,9
1360,39
1361,16
1362,8
1363,3
1364,15
1365,28
1366,28
1367,3
1368,28
1369,37
1370,19
1371,3
1372,1
1373,4
1374,39
1375,4
1376,1
1377,17
1378,9
1379,0
1380,36
1381,32
1382,43
1383,9
1384,8
1385,18
1386,40
1387,30
1388,1
1389,26
1390,6
1391,1
1392,24
1393,26
1394,37
1395,26
1396,32
1397,22
1398,6
1399,2
1400,19
1401,5
1402,29
1403,11
1404,10
1405,24
1406,24
1407,14
1408,13
1409,39
1410,11
1411,3
1412,31
1413,37
1414,16
1415,17
1416,5
1417,3
1418,8
1419,1
1420,11
1421,16
1422,3
1423,26
1424,42
1425,1
1426,1
1427,44
1428,36
1429,13
1430,27
1431,8
1432,44
1433,47
1434,31
1435,12
1436,4
1437,46
1438,10
1439,22
1440,37
1441,3
1442,1
1443,1
1444,21
1445,3
1446,6
1447,35
1448,29
1449,38
1450,3
1451,3
1452,9
1453,22
1454,10
1455,31
1456,32
1457,4
1458,1
1459,44
1460,30
1461,2
1462,19
1463,21
1464,17
1465,10
1466,4
1467,32
1468,25
1469,16
1470,25
1471,1
1472,32
1473,3
1474,2
1475,10
1476,19
1477,10
1478,39
1479,32
1480,13
1481,31
1482,12
1483,15
1484,8
1485,4
1486,19
1487,11
1488,21
1489,19
1490,8
1491,1
1492,0
1493,24
1494,9
1495,3
1496,10
1497,37
1498,15
1499,4
1500,22
1501,3
1502,4
1503,30
1504,19
1505,4
1506,9
1507,3
1508,1
1509,23
1510,48
1511,2
1512,11
1513,40
1514,31
1515,7
1516,38
1517,26
1518,41
1519,1
1520,2
1521,16
1522,5
1523,1
1524,3
1525,27
1526,2
1527,26
1528,47
1529,3
1530,17
1531,8
1532,7
1533,19
1534,16
1535,1
1536,26
1537,28
1538,32
1539,35
1540,42
1541,1
1542,38
1543,37
1544,31
1545,11
1546,1
1547,32
1548,3
1549,22
1550,3
1551,27
1552,28
1553,1
1554,30
1555,27
1556,16
1557,41
1558,8
1559,0
1560,14
1561,8
1562,3
1563,10
1564,36
1565,19
1566,43
1567,3
1568,3
1569,13
1570,20
1571,6
1572,1
1573,3
1574,16
1575,32
1576,11
1577,10
1578,10
1579,4
1580,23
1581,17
1582,7
1583,8
1584,3
1585,1
1586,3
1587,22
1588,13
1589,43
1590,11
1591,38
1592,28
1593,1
1594,1
1595,4
1596,3
1597,36
1598,32
1599,3
1600,1
1601,28
1602,1
1603,0
1604,24
1605,3
1606,3
1607,3
1608,8
1609,17
1610,16
1611,11
1612,1
1613,1
1614,9
1615,3
1616,1
1617,30
1618,16
1619,28
1620,3
1621,39
1622,9
1623,42
1624,41
1625,28
1626,1
1627,32
1628,1
1629,19
1630,27
1631,3
1632,31
1633,18
1634,2
1635,12
1636,39
1637,34
1638,11
1639,16
1640,36
1641,10
1642,16
1643,45
1644,28
1645,3
1646,0
1647,1
1648,1
1649,16
1650,46
1651,14
1652,38
1653,24
1654,30
1655,11
1656,10
1657,39
1658,22
1659,44
1660,10
1661,1
1662,16
1663,3
1664,31
1665,14
1666,1
1667,1
1668,2
1669,24
1670,13
1671,39
1672,4
1673,7
1674,2
1675,1
1676,35
1677,37
1678,7
1679,14
1680,42
1681,9
1682,1
1683,19
1684,35
1685,9
1686,16
1687,6
1688,16
1689,1
1690,12
1691,29
1692,21
1693,7
1694,1
1695,39
1696,3
1697,32
1698,9
1699,25
1700,14
1701,42
1702,31
1703,13
1704,28
1705,3
1706,39
1707,28
1708,41
1709,1
1710,3
1711,12
1712,36
1713,27
1714,32
1715,32
1716,28
1717,41
1718,40
1719,17
1720,19
1721,18
1722,0
1723,28
1724,18
1725,3
1726,11
1727,32
1728,22
1729,8
1730,3
1731,39
1732,14
1733,15
1734,16
1735,44
1736,7
1737,32
1738,16
1739,29
1740,28
1741,3
1742,7
1743,31
1744,4
1745,31
1746,22
1747,3
1748,9
1749,23
1750,29
1751,7
1752,3
1753,9
1754,14
1755,3
1756,31
1757,31
1758,1
1759,3
1760,14
1761,44
1762,19
1763,22
1764,1
1765,29
1766,1
1767,31
1768,15
1769,38
1770,3
1771,22
1772,10
1773,29
1774,10
1775,31
1776,13
1777,30
1778,4
1779,13
1780,24
1781,22
1782,16
1783,21
1784,40
1785,21
1786,28
1787,10
1788,9
1789,3
1790,27
1791,9
1792,21
1793,14
1794,1
1795,44
1796,26
1797,16
1798,0
1799,22
1800,22
1801,8
1802,24
1803,43
1804,32
1805,16
1806,2
1807,41
1808,8
1809,36
1810,9
1811,10
1812,3
1813,0
1814,1
1815,3
1816,9
1817,1
1818,1
1819,39
1820,9
1821,41
1822,24
1823,4
1824,3
1825,11
1826,22
1827,18
1828,11
1829,3
1830,36
1831,22
1832,40
1833,1
1834,19
1835,13
1836,44
1837,22
1838,0
1839,13
1840,9
1841,37
1842,36
1843,6
1844,39
1845,6
1846,3
1847,30
1848,8
1849,9
1850,2
1851,16
1852,27
1853,3
1854,3
1855,6
1856,10
1857,11
1858,12
1859,33
1860,22
1861,36
1862,18
1863,9
1864,9
1865,3
1866,43
1867,1
1868,1
1869,1
1870,3
1871,1
1872,45
1873,3
1874,26
1875,8
1876,9
1877,11
1878,3
1879,31
1880,9
1881,3
1882,31
1883,13
1884,9
1885,41
1886,27
1887,3
1888,22
1889,31
1890,28
1891,3
1892,4
1893,32
1894,16
1895,3
1896,5
1897,8
1898,21
1899,3
1900,29
1901,32
1902,16
1903,3
1904,13
1905,39
1906,2
1907,15
1908,10
1909,21
1910,43
1911,28
1912,43
1913,41
1914,3
1915,23
1916,1
1917,7
1918,3
1919,10
1920,15
1921,36
1922,8
1923,9
1924,10
1925,1
1926,8
1927,9
1928,46
1929,21
1930,8
1931,0
1932,3
1933,8
1934,18
1935,39
1936,10
1937,36
1938,29
1939,30
1940,22
1941,31
1942,6
1943,32
1944,8
1945,16
1946,32
1947,41
1948,39
1949,6
1950,15
1951,8
1952,24
1953,32
1954,1
1955,1
1956,21
1957,8
1958,10
1959,28
1960,26
1961,8
1962,28
1963,13
1964,11
1965,1
1966,48
1967,14
1968,3
1969,3
1970,45
1971,3
1972,16
1973,11
1974,1
1975,42
1976,16
1977,37
1978,35
1979,24
1980,3
1981,33
1982,19
1983,27
1984,10
1985,1
1986,3
1987,19
1988,22
1989,31
1990,0
1991,8
1992,16
1993,25
1994,9
1995,8
1996,11
1997,27
1998,31
1999,3
2000,1
2001,3
2002,36
2003,7
2004,21
2005,1
2006,3
2007,17
2008,3
2009,3
2010,29
2011,11
2012,24
2013,3
2014,4
2015,1
2016,9
2017,7
2018,42
2019,22
2020,1
2021,0
2022,6
2023,31
2024,24
2025,24
2026,8
2027,16
2028,6
2029,16
2030,3
2031,7
2032,21
2033,4
2034,41
2035,16
2036,4
2037,3
2038,31
2039,11
2040,16
2041,1
2042,46
2043,39
2044,22
2045,32
2046,28
2047,10
2048,17
2049,18
2050,16
2051,3
2052,31
2053,7
2054,7
2055,13
2056,3
2057,32
2058,3
2059,23
2060,16
2061,10
2062,12
2063,10
2064,3
2065,1
2066,32
2067,8
2068,1
2069,3
2070,9
2071,12
2072,43
2073,28
2074,12
2075,17
2076,31
2077,2
2078,15
2079,14
2080,3
2081,25
2082,10
2083,40
2084,4
2085,12
2086,32
2087,37
2088,3
2089,1
2090,16
2091,28
2092,39
2093,9
2094,29
2095,14
2096,35
2097,40
2098,9
2099,3
2100,30
2101,14
2102,8
2103,7
2104,4
2105,1
2106,3
2107,19
2108,13
2109,8
2110,24
2111,15
2112,6
2113,1
2114,22
2115,3
2116,23
2117,43
2118,15
2119,2
2120,5
2121,10
2122,5
2123,3
2124,11
2125,16
2126,44
2127,3
2128,40
2129,22
2130,10
2131,8
2132,12
2133,0
2134,10
2135,4
2136,6
2137,7
2138,16
2139,3
2140,8
2141,32
2142,23
2143,9
2144,40
2145,1
2146,1
2147,41
2148,1
2149,34
2150,31
2151,13
2152,32
2153,19
2154,3
2155,28
2156,38
2157,34
2158,16
2159,38
2160,28
2161,6
2162,13
2163,27
2164,37
2165,42
2166,6
2167,39
2168,14
2169,0
2170,10
2171,3
2172,13
2173,42
2174,9
2175,10
2176,31
2177,1
2178,19
2179,3
2180,1
2181,38
2182,16
2183,6
2184,26
2185,32
2186,13
2187,3
2188,8
2189,9
2190,32
2191,1
2192,17
2193,45
2194,2
2195,14
2196,19
2197,18
2198,6
2199,16
2200,3
2201,36
2202,10
2203,11
2204,31
2205,4
2206,3
2207,16
2208,9
2209,31
2210,19
2211,19
2212,19
2213,11
2214,42
2215,16
2216,23
2217,38
2218,6
2219,2
2220,29
2221,26
2222,38
2223,30
2224,45
2225,8
2226,8
2227,1
2228,26
2229,13
2230,32
2231,41
2232,3
2233,15
2234,10
2235,27
2236,32
2237,9
2238,13
2239,39
2240,19
2241,1
2242,1
2243,13
2244,1
2245,3
2246,35
2247,10
2248,35
2249,35
2250,3
2251,19
2252,3
2253,26
2254,3
2255,28
2256,16
2257,13
2258,8
2259,35
2260,1
2261,36
2262,11
2263,14
2264,4
2265,16
2266,10
2267,9
2268,28
2269,32
2270,9
2271,10
2272,41
2273,9
2274,11
2275,48
2276,3
2277,32
2278,42
2279,19
2280,15
2281,6
2282,35
2283,30
2284,33
2285,22
2286,44
2287,30
2288,1
2289,30
2290,3
2291,28
2292,42
2293,6
2294,29
2295,1
2296,7
2297,3
2298,9
2299,14
2300,1
2301,3
2302,6
2303,3
2304,6
2305,16
2306,17
2307,21
2308,13
2309,28
2310,1
2311,47
2312,10
2313,8
2314,47
2315,16
2316,36
2317,3
2318,33
2319,1
2320,28
2321,10
2322,34
2323,10
2324,48
2325,27
2326,3
2327,13
2328,29
2329,16
2330,43
2331,13
2332,17
2333,14
2334,43
2335,36
2336,22
2337,8
2338,6
2339,14
2340,34
2341,40
2342,42
2343,5
2344,6
2345,10
2346,24
2347,10
2348,10
2349,32
2350,22
2351,1
2352,21
2353,3
2354,9
2355,14
2356,15
2357,3
2358,17
2359,15
2360,18
2361,10
2362,8
2363,1
2364,3
2365,38
2366,32
2367,21
2368,19
2369,17
2370,3
2371,9
2372,8
2373,1
2374,27
2375,36
2376,40
2377,2
2378,22
2379,32
2380,18
2381,9
2382,17
2383,2
2384,43
2385,1
2386,4
2387,9
2388,14
2389,17
2390,42
2391,3
2392,32
2393,29
2394,32
2395,13
2396,15
2397,31
2398,2
2399,47
2400,12
2401,10
2402,1
2403,9
2404,22
2405,10
2406,14
2407,1
2408,38
2409,1
2410,16
2411,18
2412,9
2413,15
2414,26
2415,33
2416,19
2417,1
2418,6
2419,1
2420,11
2421,21
2422,3
2423,6
2424,44
2425,3
2426,21
2427,23
2428,23
2429,3
2430,32
2431,1
2432,2
2433,24
2434,3
2435,1
2436,3
2437,32
2438,3
2439,4
2440,10
2441,16
2442,18
2443,16
2444,7
2445,24
2446,3
2447,6
2448,37
2449,3
2450,43
2451,16
2452,1
2453,16
2454,22
2455,19
2456,7
2457,8
2458,8
2459,11
2460,46
2461,26
2462,16
2463,3
2464,10
2465,17
2466,9
2467,41
2468,37
2469,22
2470,4
2471,16
2472,1
2473,21
2474,4
2475,0
2476,24
2477,10
2478,23
2479,8
2480,0
2481,42
2482,16
2483,3
2484,16
2485,21
2486,12
2487,38
2488,9
2489,5
2490,31
2491,14
2492,19
2493,39
2494,2
2495,21
2496,36
2497,2
2498,1
2499,39
2500,0
2501,15
2502,28
2503,38
2504,1
2505,19
2506,3
2507,16
2508,1
2509,14
2510,9
2511,28
2512,16
2513,3
2514,26
2515,13
2516,1
2517,5
2518,16
2519,48
2520,6
2521,20
2522,6
2523,32
2524,29
2525,32
2526,24
2527,12
2528,39
2529,4
2530,45
2531,12
2532,4
2533,1
2534,1
2535,12
2536,18
2537,1
2538,0
2539,3
2540,16
2541,4
2542,40
2543,30
2544,22
2545,10
2546,26
2547,19
2548,27
2549,12
2550,32
2551,8
2552,17
2553,3
2554,31
2555,28
2556,1
2557,38
2558,29
2559,40
2560,25
2561,9
2562,31
2563,1
2564,14
2565,24
2566,14
2567,1
2568,26
2569,0
2570,3
2571,25
2572,3
2573,23
2574,37
2575,1
2576,2
2577,6
2578,21
2579,10
2580,15
2581,0
2582,11
2583,16
2584,1
2585,11
2586,7
2587,32
2588,48
2589,1
2590,13
2591,3
2592,26
2593,40
2594,22
2595,16
2596,3
2597,3
2598,11
2599,1
2600,15
2601,21
2602,10
2603,39
2604,3
2605,6
2606,23
2607,23
2608,39
2609,12
2610,10
2611,6
2612,23
2613,11
2614,3
2615,25
2616,23
2617,10
2618,1
2619,6
2620,0
2621,23
2622,7
2623,12
2624,11
2625,32
2626,7
2627,3
2628,39
2629,39
2630,8
2631,45
2632,23
2633,20
2634,45
2635,1
2636,26
2637,9
2638,1
2639,39
2640,30
2641,15
2642,1
2643,10
2644,38
2645,3
2646,3
2647,18
2648,28
2649,31
2650,4
2651,32
2652,2
2653,8
2654,9
2655,1
2656,3
2657,39
2658,10
2659,23
2660,28
2661,3
2662,3
2663,3
2664,39
2665,25
2666,41
2667,4
2668,16
2669,11
2670,16
2671,3
2672,13
2673,28
2674,2
2675,30
2676,44
2677,37
2678,24
2679,26
2680,1
2681,8
2682,43
2683,13
2684,27
2685,16
2686,36
2687,16
2688,39
2689,38
2690,8
2691,32
2692,1
2693,8
2694,4
2695,10
2696,34
2697,42
2698,15
2699,8
2700,10
2701,14
2702,34
2703,3
2704,5
2705,36
2706,27
2707,22
2708,27
2709,8
2710,3
2711,8
2712,20
2713,19
2714,28
2715,3
2716,4
2717,15
2718,13
2719,37
2720,3
2721,4
2722,48
2723,21
2724,16
2725,26
2726,1
2727,24
2728,9
2729,3
2730,3
2731,1
2732,38
2733,13
2734,3
2735,1
2736,5
2737,31
2738,6
2739,1
2740,13
2741,3
2742,16
2743,9
2744,16
2745,19
2746,3
2747,16
2748,1
2749,13
2750,5
2751,10
2752,3
2753,1
2754,31
2755,28
2756,38
2757,3
2758,33
2759,28
2760,30
2761,3
2762,4
2763,0
2764,35
2765,42
2766,32
2767,27
2768,4
2769,9
2770,10
2771,6
2772,1
2773,15
2774,31
2775,3
2776,22
2777,8
2778,11
2779,42
2780,7
2781,3
2782,28
2783,17
2784,29
2785,10
2786,3
2787,1
2788,9
2789,38
2790,23
2791,24
2792,16
2793,10
2794,44
2795,10
2796,10
2797,14
2798,6
2799,32
2800,1
2801,4
2802,21
2803,3
2804,9
2805,3
2806,39
2807,36
2808,41
2809,0
2810,46
2811,2
2812,14
2813,15
2814,16
2815,1
2816,32
2817,18
2818,5
2819,13
2820,10
2821,15
2822,25
2823,21
2824,13
2825,11
2826,1
2827,4
2828,45
2829,31
2830,30
2831,10
2832,35
2833,3
2834,41
2835,44
2836,11
2837,11
2838,9
2839,22
2840,4
2841,9
2842,16
2843,23
2844,9
2845,32
2846,8
2847,4
2848,29
2849,33
2850,1
2851,18
2852,10
2853,1
2854,11
2855,3
2856,9
2857,27
2858,37
2859,21
2860,1
2861,10
2862,19
2863,38
2864,3
2865,11
2866,3
2867,2
2868,28
2869,3
2870,8
2871,13
2872,29
2873,32
2874,28
2875,1
2876,14
2877,36
2878,28
2879,1
2880,18
2881,3
2882,31
2883,19
2884,48
2885,9
2886,30
2887,3
2888,30
2889,13
2890,47
2891,2
2892,8
2893,11
2894,19
2895,9
2896,21
2897,3
2898,3
2899,24
2900,10
2901,15
2902,11
2903,16
2904,3
2905,14
2906,3
2907,4
2908,26
2909,1
2910,36
2911,1
2912,24
2913,32
2914,10
2915,32
2916,4
2917,28
2918,32
2919,24
2920,48
2921,22
2922,3
2923,28
2924,35
2925,5
2926,17
2927,2
2928,15
2929,16
2930,28
2931,18
2932,8
2933,8
2934,10
2935,3
2936,16
2937,27
2938,1
2939,36
2940,0
2941,4
2942,10
2943,19
2944,36
2945,8
2946,14
2947,32
2948,1
2949,28
2950,16
2951,0
2952,3
2953,35
2954,45
2955,27
2956,3
2957,14
2958,24
2959,21
2960,29
2961,20
2962,25
2963,11
2964,3
2965,11
2966,8
2967,16
2968,37
2969,44
2970,3
2971,28
2972,43
2973,7
2974,10
2975,1
2976,22
2977,16
2978,15
2979,4
2980,13
2981,43
2982,15
2983,8
2984,10
2985,11
2986,39
2987,23
2988,1
2989,24
2990,22
2991,1
2992,19
2993,35
2994,16
2995,44
2996,29
2997,3
2998,32
2999,4
3000,0
3001,3
3002,1
3003,23
3004,28
3005,44
3006,28
3007,18
3008,6
3009,4
3010,4
3011,32
3012,19
3013,41
3014,15
3015,14
3016,19
3017,37
3018,16
3019,1
3020,3
3021,35
3022,9
3023,0
3024,1
3025,6
3026,1
3027,12
3028,38
3029,15
3030,17
3031,21
3032,42
3033,16
3034,3
3035,47
3036,24
3037,21
3038,16
3039,35
3040,11
3041,17
3042,32
3043,42
3044,3
3045,3
3046,32
3047,16
3048,19
3049,1
3050,6
3051,46
3052,10
3053,1
3054,3
3055,3
3056,29
3057,15
3058,28
3059,2
3060,43
3061,35
3062,8
3063,41
3064,14
3065,3
3066,14
3067,3
3068,30
3069,3
3070,24
3071,8
3072,4
3073,12
3074,17
3075,31
3076,1
3077,1
3078,22
3079,41
3080,28
3081,36
3082,15
3083,1
3084,9
3085,16
3086,48
3087,40
3088,22
3089,3
3090,3
3091,23
3092,32
3093,22
3094,32
3095,29
3096,1
3097,10
3098,32
3099,3
3100,32
3101,25
3102,11
3103,4
3104,3
3105,2
3106,28
3107,15
3108,3
3109,6
3110,43
3111,13
3112,11
3113,12
3114,22
3115,36
3116,44
3117,19
3118,8
3119,28
3120,3
3121,4
3122,32
3123,9
3124,31
3125,4
3126,3
3127,15
3128,16
3129,9
3130,31
3131,14
3132,44
3133,16
3134,16
3135,28
3136,24
3137,4
3138,9
3139,11
3140,2
3141,1
3142,28
3143,19
3144,33
3145,47
3146,28
3147,44
3148,3
3149,38
3150,9
3151,3
3152,3
3153,16
3154,28
3155,16
3156,3
3157,11
3158,21
3159,37
3160,4
3161,15
3162,6
3163,9
3164,1
3165,4
3166,32
3167,6
3168,3
3169,23
3170,29
3171,10
3172,3
3173,32
3174,16
3175,32
3176,6
3177,7
3178,2
3179,3
3180,14
3181,15
3182,8
3183,16
3184,12
3185,3
3186,24
3187,3
3188,22
3189,22
3190,1
3191,9
3192,1
3193,16
3194,48
3195,30
3196,17
3197,8
3198,21
3199,43
3200,8
3201,8
3202,3
3203,25
3204,8
3205,0
3206,7
3207,31
3208,20
3209,6
3210,1
3211,45
3212,20
3213,26
3214,14
3215,10
3216,17
3217,17
3218,16
3219,1
3220,41
3221,1
3222,16
3223,44
3224,32
3225,9
3226,9
3227,3
3228,47
3229,3
3230,29
3231,5
3232,1
3233,28
3234,16
3235,16
3236,18
3237,1
3238,17
3239,31
3240,11
3241,7
3242,24
3243,28
3244,3
3245,8
3246,10
3247,1
3248,43
3249,4
3250,3
3251,3
3252,44
3253,6
3254,3
3255,1
3256,41
3257,6
3258,0
3259,39
3260,46
3261,36
3262,38
3263,41
3264,32
3265,17
3266,27
3267,24
3268,4
3269,28
3270,24
3271,20
3272,3
3273,16
3274,37
3275,1
3276,21
3277,1
3278,1
3279,34
3280,25
3281,33
3282,3
3283,32
3284,3
3285,39
3286,13
3287,1
3288,29
3289,1
3290,14
3291,26
3292,22
3293,6
3294,16
3295,3
3296,10
3297,32
3298,20
3299,28
3300,10
3301,3
3302,12
3303,1
3304,36
3305,4
3306,36
3307,18
3308,11
3309,33
3310,28
3311,35
3312,47
3313,33
3314,1
3315,8
3316,38
3317,3
3318,4
3319,1
3320,19
3321,29
3322,43
3323,3
3324,11
3325,3
3326,11
3327,1
3328,1
3329,41
3330,16
3331,29
3332,12
3333,11
3334,25
3335,9
3336,34
3337,33
3338,3
3339,27
3340,22
3341,3
3342,15
3343,46
3344,21
3345,2
3346,11
3347,15
3348,4
3349,4
3350,32
3351,19
3352,5
3353,6
3354,3
3355,8
3356,16
3357,19
3358,32
3359,11
3360,3
3361,1
3362,14
3363,3
3364,32
3365,10
3366,12
3367,3
3368,9
3369,26
3370,0
3371,27
3372,3
3373,43
3374,10
3375,3
3376,28
3377,2
3378,7
3379,24
3380,10
3381,3
3382,16
3383,7
3384,12
3385,16
3386,19
3387,16
3388,44
3389,3
3390,3
3391,26
3392,39
3393,32
3394,9
3395,22
3396,10
3397,39
3398,4
3399,48
3400,16
3401,39
3402,14
3403,16
3404,6
3405,3
3406,43
3407,4
3408,35
3409,1
3410,3
3411,8
3412,30
3413,3
3414,6
3415,1
3416,6
3417,9
3418,3
3419,31
3420,1
3421,1
3422,16
3423,24
3424,3
3425,28
3426,3
3427,1
3428,0
3429,11
3430,8
3431,8
3432,41
3433,1
3434,28
3435,43
3436,16
3437,22
3438,3
3439,3
3440,1
3441,4
3442,1
3443,3
3444,16
3445,40
3446,17
3447,9
3448,11
3449,36
3450,17
3451,33
3452,13
3453,39
3454,16
3455,16
3456,3
3457,1
3458,0
3459,24
3460,33
3461,17
3462,45
3463,3
3464,6
3465,23
3466,11
3467,32
3468,2
3469,42
3470,32
3471,3
3472,41
3473,3
3474,8
3475,3
3476,3
3477,3
3478,1
3479,16
3480,28
3481,16
3482,3
3483,3
3484,12
3485,13
3486,10
3487,22
3488,36
3489,27
3490,4
3491,4
3492,12
3493,47
3494,0
3495,28
3496,15
3497,17
3498,3
3499,22
3500,1
3501,10
3502,18
3503,27
3504,31
3505,1
3506,17
3507,1
3508,1
3509,3
3510,3
3511,26
3512,23
3513,9
3514,17
3515,28
3516,11
3517,28
3518,3
3519,3
3520,32
3521,6
3522,22
3523,3
3524,14
3525,32
3526,17
3527,19
3528,1
3529,3
3530,33
3531,6
3532,3
3533,2
3534,28
3535,3
3536,36
3537,17
3538,13
3539,45
3540,37
3541,9
3542,1
3543,45
3544,3
3545,2
3546,19
3547,16
3548,23
3549,8
3550,3
3551,16
3552,3
3553,0
3554,7
3555,11
3556,6
3557,9
3558,10
3559,9
3560,3
3561,2
3562,10
3563,16
3564,45
3565,34
3566,1
3567,14
3568,1
3569,2
3570,24
3571,15
3572,1
3573,42
3574,4
3575,3
3576,17
3577,22
3578,4
3579,43
3580,3
3581,31
3582,3
3583,3
3584,38
3585,21
3586,21
3587,32
3588,38
3589,14
3590,4
3591,22
3592,21
3593,28
3594,10
3595,10
3596,10
3597,11
3598,39
3599,3
3600,3
3601,16
3602,31
3603,14
3604,14
3605,1
3606,23
3607,10
3608,1
3609,14
3610,16
3611,31
3612,7
3613,3
3614,17
3615,15
3616,1
3617,4
3618,31
3619,9
3620,13
3621,43
3622,16
3623,41
3624,33
3625,16
3626,15
3627,9
3628,3
3629,4
3630,8
3631,42
3632,1
3633,3
3634,32
3635,3
3636,34
3637,28
3638,28
3639,17
3640,13
3641,42
3642,1
3643,11
3644,10
3645,47
3646,47
3647,16
3648,10
3649,1
3650,4
3651,1
3652,33
3653,35
3654,42
3655,1
3656,26
3657,0
3658,41
3659,36
3660,12
3661,27
3662,8
3663,44
3664,3
3665,15
3666,30
3667,16
3668,21
3669,16
3670,9
3671,21
3672,41
3673,3
3674,42
3675,32
3676,1
3677,4
3678,13
3679,6
3680,17
3681,9
3682,18
3683,31
3684,25
3685,3
3686,31
3687,18
3688,35
3689,3
3690,44
3691,47
3692,1
3693,4
3694,31
3695,1
3696,32
3697,4
3698,16
3699,6
3700,4
3701,3
3702,8
3703,1
3704,25
3705,8
3706,3
3707,2
3708,22
3709,2
3710,15
3711,9
3712,44
3713,25
3714,39
3715,27
3716,23
3717,37
3718,43
3719,30
3720,26
3721,3
3722,13
3723,28
3724,37
3725,9
3726,31
3727,3
3728,1
3729,26
3730,3
3731,36
3732,22
3733,3
3734,1
3735,14
3736,11
3737,6
3738,17
3739,28
3740,9
3741,8
3742,10
3743,40
3744,16
3745,28
3746,10
3747,10
3748,3
3749,45
3750,22
3751,32
3752,28
3753,1
3754,9
3755,22
3756,42
3757,25
3758,16
3759,12
3760,29
3761,3
3762,44
3763,1
3764,26
3765,11
3766,4
3767,17
3768,20
3769,44
3770,3
3771,16
3772,8
3773,12
3774,1
3775,1
3776,8
3777,26
3778,22
3779,1
3780,33
3781,1
3782,28
3783,1
3784,29
3785,8
3786,9
3787,16
3788,17
3789,1
3790,28
3791,3
3792,9
3793,1
3794,10
3795,39
3796,8
3797,19
3798,44
3799,47
3800,3
3801,9
3802,0
3803,41
3804,6
3805,20
3806,3
3807,31
3808,3
3809,1
3810,16
3811,21
3812,8
3813,17
3814,3
3815,2
3816,28
3817,32
3818,12
3819,43
3820,7
3821,3
3822,41
3823,3
3824,19
3825,6
3826,1
3827,9
3828,9
3829,3
3830,29
3831,1
3832,0
3833,16
3834,17
3835,10
3836,9
3837,30
3838,28
3839,38
3840,1
3841,1
3842,3
3843,10
3844,1
3845,38
3846,3
3847,20
3848,3
3849,30
3850,36
3851,17
3852,43
3853,10
3854,18
3855,19
3856,21
3857,32
3858,0
3859,26
3860,11
3861,16
3862,16
3863,34
3864,15
3865,26
3866,45
3867,30
3868,28
3869,28
3870,17
3871,3
3872,28
3873,14
3874,3
3875,6
3876,31
3877,3
3878,31
3879,3
3880,44
3881,16
3882,28
3883,9
3884,31
3885,37
3886,31
3887,27
3888,16
3889,3
3890,3
3891,16
3892,35
3893,1
3894,14
3895,28
3896,19
3897,17
3898,14
3899,11
3900,1
3901,27
3902,43
3903,35
3904,28
3905,7
3906,6
3907,38
3908,18
3909,16
3910,38
3911,17
3912,9
3913,3
3914,6
3915,8
3916,8
3917,6
3918,3
3919,37
3920,15
3921,17
3922,17
3923,26
3924,0
3925,42
3926,3
3927,1
3928,35
3929,3
3930,37
3931,16
3932,3
3933,13
3934,31
3935,32
3936,19
3937,36
3938,3
3939,9
3940,1
3941,17
3942,32
3943,28
3944,9
3945,23
3946,27
3947,3
3948,36
3949,1
3950,3
3951,25
3952,4
3953,31
3954,2
3955,14
3956,14
3957,17
3958,15
3959,11
3960,26
3961,37
3962,1
3963,3
3964,3
3965,27
3966,3
3967,11
3968,38
3969,1
3970,14
3971,28
3972,39
3973,4
3974,32
3975,14
3976,42
3977,3
3978,43
3979,3
3980,27
3981,6
3982,9
3983,28
3984,36
3985,1
3986,1
3987,21
3988,9
3989,3
3990,11
3991,22
3992,1
3993,38
3994,32
3995,26
3996,15
3997,22
3998,16
3999,14
4000,4
4001,2
4002,9
4003,31
4004,9
4005,18
4006,4
4007,13
4008,33
4009,22
4010,28
4011,36
4012,16
4013,28
4014,16
4015,11
4016,6
4017,1
4018,31
4019,8
4020,3
4021,28
4022,1
4023,10
4024,8
4025,3
4026,39
4027,3
4028,1
4029,38
4030,15
4031,3
4032,4
4033,24
4034,24
4035,16
4036,16
4037,12
4038,22
4039,9
4040,26
4041,22
4042,9
4043,31
4044,31
4045,1
4046,9
4047,16
4048,11
4049,0
4050,32
4051,19
4052,22
4053,35
4054,1
4055,1
4056,28
4057,14
4058,3
4059,40
4060,10
4061,3
4062,35
4063,22
4064,1
4065,2
4066,9
4067,8
4068,16
4069,35
4070,16
4071,11
4072,16
4073,22
4074,38
4075,1
4076,19
4077,19
4078,7
4079,15
4080,43
4081,6
4082,3
4083,0
4084,8
4085,30
4086,19
4087,1
4088,16
4089,10
4090,16
4091,3
4092,1
4093,14
4094,32
4095,0
4096,10
4097,28
4098,32
4099,29
4100,23
4101,38
4102,43
4103,15
4104,9
4105,13
4106,12
4107,8
4108,15
4109,16
4110,17
4111,6
4112,32
4113,15
4114,43
4115,3
4116,9
4117,10
4118,1
4119,35
4120,23
4121,14
4122,0
4123,0
4124,1
4125,8
4126,17
4127,6
4128,44
4129,9
4130,16
4131,24
4132,21
4133,10
4134,14
4135,24
4136,24
4137,39
4138,10
4139,11
4140,32
4141,2
4142,3
4143,2
4144,38
4145,22
4146,0
4147,26
4148,36
4149,3
4150,3
4151,26
4152,16
4153,28
4154,28
4155,10
4156,39
4157,2
4158,6
4159,38
4160,40
4161,35
4162,24
4163,22
4164,39
4165,0
4166,18
4167,15
4168,1
4169,21
4170,32
4171,1
4172,10
4173,16
4174,24
4175,21
4176,10
4177,15
4178,14
4179,6
4180,39
4181,20
4182,17
4183,31
4184,32
4185,2
4186,40
4187,26
4188,2
4189,1
4190,3
4191,32
4192,29
4193,8
4194,9
4195,18
4196,3
4197,0
4198,3
4199,25
4200,31
4201,41
4202,9
4203,18
4204,6
4205,43
4206,10
4207,3
4208,3
4209,8
4210,3
4211,39
4212,1
4213,12
4214,9
4215,4
4216,11
4217,16
4218,32
4219,32
4220,15
4221,17
4222,1
4223,26
4224,18
4225,0
4226,1
4227,25
4228,3
4229,38
4230,8
4231,47
4232,16
4233,19
4234,17
4235,1
4236,23
4237,9
4238,1
4239,30
4240,1
4241,11
4242,22
4243,43
4244,38
4245,39
4246,27
4247,39
4248,41
4249,28
4250,29
4251,34
4252,28
4253,1
4254,38
4255,43
4256,28
4257,8
4258,3
4259,9
4260,1
4261,30
4262,16
4263,1
4264,12
4265,32
4266,16
4267,16
4268,1
4269,16
4270,16
4271,16
4272,29
4273,1
4274,4
4275,9
4276,4
4277,24
4278,10
4279,9
4280,19
4281,30
4282,3
4283,3
4284,16
4285,4
4286,19
4287,8
4288,8
4289,21
4290,14
4291,23
4292,15
4293,16
4294,32
4295,3
4296,21
4297,14
4298,0
4299,3
4300,36
4301,32
4302,11
4303,10
4304,3
4305,22
4306,12
4307,37
4308,6
4309,3
4310,14
4311,16
4312,4
4313,4
4314,36
4315,21
4316,10
4317,47
4318,3
4319,16
4320,17
4321,17
4322,16
4323,29
4324,17
4325,3
4326,8
4327,14
4328,2
4329,14
4330,8
4331,4
4332,9
4333,9
4334,4
4335,32
4336,15
4337,9
4338,29
4339,7
4340,8
4341,9
4342,14
4343,17
4344,11
4345,22
4346,16
4347,31
4348,8
4349,3
4350,29
4351,17
4352,9
4353,31
4354,3
4355,1
4356,8
4357,34
4358,5
4359,43
4360,4
4361,28
4362,21
4363,9
4364,31
4365,2
4366,9
4367,0
4368,18
4369,2
4370,35
4371,12
4372,17
4373,8
4374,6
4375,28
4376,28
4377,4
4378,8
4379,17
4380,4
4381,0
4382,30
4383,28
4384,36
4385,17
4386,11
4387,13
4388,3
4389,32
4390,8
4391,6
4392,32
4393,25
4394,18
4395,3
4396,37
4397,12
4398,9
4399,1
4400,37
4401,26
4402,29
4403,9
4404,11
4405,30
4406,11
4407,10
4408,3
4409,1
4410,1
4411,3
4412,19
4413,29
4414,2
4415,38
4416,10
4417,8
4418,16
4419,2
4420,1
4421,22
4422,16
4423,36
4424,6
4425,2
4426,7
4427,34
4428,9
4429,4
4430,21
4431,47
4432,9
4433,7
4434,14
4435,1
4436,23
4437,1
4438,1
4439,3
4440,28
4441,12
4442,1
4443,31
4444,39
4445,35
4446,23
4447,26
4448,5
4449,41
4450,26
4451,10
4452,1
4453,1
4454,19
4455,30
4456,17
4457,31
4458,4
4459,7
4460,31
4461,41
4462,32
4463,42
4464,6
4465,9
4466,22
4467,8
4468,4
4469,46
4470,33
4471,10
4472,18
4473,31
4474,8
4475,17
4476,19
4477,15
4478,21
4479,11
4480,28
4481,22
4482,1
4483,6
4484,21
4485,28
4486,14
4487,36
4488,11
4489,18
4490,1
4491,33
4492,3
4493,3
4494,1
4495,30
4496,39
4497,32
4498,31
4499,23
4500,28
4501,35
4502,24
4503,16
4504,3
4505,26
4506,10
4507,14
4508,26
4509,32
4510,19
4511,6
4512,46
4513,14
4514,35
4515,38
4516,9
4517,40
4518,47
4519,10
4520,10
4521,3
4522,3
4523,8
4524,40
4525,1
4526,22
4527,1
4528,22
4529,31
4530,39
4531,41
4532,10
4533,26
4534,28
4535,4
4536,40
4537,19
4538,22
4539,0
4540,2
4541,15
4542,3
4543,41
4544,19
4545,14
4546,30
4547,10
4548,3
4549,10
4550,1
4551,41
4552,38
4553,26
4554,17
4555,6
4556,23
4557,28
4558,4
4559,3
4560,13
4561,43
4562,34
4563,10
4564,17
4565,1
4566,13
4567,18
4568,0
4569,8
4570,10
4571,38
4572,28
4573,10
4574,33
4575,8
4576,39
4577,8
4578,42
4579,9
4580,4
4581,15
4582,13
4583,10
4584,29
4585,28
4586,14
4587,4
4588,19
4589,32
4590,6
4591,3
4592,6
4593,8
4594,38
4595,10
4596,1
4597,7
4598,1
4599,4
4600,36
4601,16
4602,4
4603,31
4604,28
4605,3
4606,10
4607,1
4608,1
4609,16
4610,16
4611,48
4612,4
4613,14
4614,21
4615,1
4616,1
4617,3
4618,28
4619,8
4620,25
4621,22
4622,41
4623,3
4624,1
4625,7
4626,9
4627,2
4628,15
4629,17
4630,28
4631,36
4632,19
4633,1
4634,28
4635,40
4636,1
4637,6
4638,22
4639,7
4640,3
4641,1
4642,8
4643,16
4644,7
4645,11
4646,17
4647,1
4648,13
4649,18
4650,26
4651,13
4652,47
4653,28
4654,19
4655,11
4656,11
4657,20
4658,13
4659,9
4660,8
4661,39
4662,1
4663,28
4664,22
4665,30
4666,47
4667,1
4668,16
4669,6
4670,9
4671,15
4672,35
4673,14
4674,22
4675,28
4676,3
4677,25
4678,15
4679,14
4680,39
4681,12
4682,38
4683,8
4684,8
4685,1
4686,1
4687,35
4688,6
4689,0
4690,38
4691,2
4692,3
4693,21
4694,11
4695,3
4696,44
4697,3
4698,28
4699,23
4700,10
4701,3
4702,18
4703,39
4704,9
4705,11
4706,38
4707,16
4708,1
4709,32
4710,32
4711,11
4712,17
4713,4
4714,9
4715,10
4716,37
4717,40
4718,4
4719,24
4720,15
4721,16
4722,7
4723,8
4724,36
4725,28
4726,42
4727,17
4728,47
4729,11
4730,21
4731,10
4732,40
4733,23
4734,28
4735,43
4736,44
4737,11
4738,6
4739,3
4740,3
4741,6
4742,21
4743,1
4744,21
4745,44
4746,1
4747,32
4748,16
4749,20
4750,30
4751,17
4752,19
4753,11
4754,1
4755,48
4756,45
4757,17
4758,13
4759,39
4760,16
4761,36
4762,4
4763,26
4764,0
4765,28
4766,9
4767,18
4768,9
4769,9
4770,31
4771,35
4772,15
4773,3
4774,8
4775,3
4776,47
4777,17
4778,19
4779,34
4780,16
4781,38
4782,14
4783,14
4784,9
4785,47
4786,17
4787,8
4788,31
4789,1
4790,30
4791,12
4792,28
4793,1
4794,1
4795,3
4796,1
4797,31
4798,39
4799,4
4800,16
4801,29
4802,17
4803,9
4804,39
4805,43
4806,3
4807,16
4808,3
4809,14
4810,32
4811,26
4812,16
4813,7
4814,14
4815,36
4816,22
4817,3
4818,36
4819,6
4820,30
4821,8
4822,16
4823,8
4824,38
4825,0
4826,3
4827,17
4828,17
4829,48
4830,0
4831,32
4832,4
4833,16
4834,16
4835,10
4836,21
4837,23
4838,21
4839,35
4840,8
4841,43
4842,3
4843,31
4844,32
4845,28
4846,1
4847,13
4848,32
4849,29
4850,21
4851,3
4852,30
4853,9
4854,1
4855,13
4856,32
4857,36
4858,13
4859,1
4860,5
4861,1
4862,29
4863,8
4864,9
4865,3
4866,16
4867,10
4868,7
4869,16
4870,3
4871,14
4872,21
4873,1
4874,16
4875,6
4876,25
4877,3
4878,6
4879,7
4880,13
4881,4
4882,4
4883,0
4884,1
4885,3
4886,48
4887,7
4888,2
4889,1
4890,3
4891,38
4892,14
4893,8
4894,1
4895,40
4896,39
4897,3
4898,28
4899,1
4900,20
4901,3
4902,13
4903,3
4904,2
4905,2
4906,1
4907,11
4908,5
4909,3
4910,9
4911,9
4912,30
4913,3
4914,42
4915,32
4916,8
4917,21
4918,14
4919,3
4920,3
4921,19
4922,15
4923,9
4924,47
4925,3
4926,37
4927,30
4928,1
4929,14
4930,31
4931,32
4932,9
4933,16
4934,22
4935,30
4936,17
4937,3
4938,9
4939,30
4940,24
4941,27
4942,15
4943,16
4944,37
4945,28
4946,33
4947,4
4948,0
4949,39
4950,16
4951,31
4952,3
4953,17
4954,12
4955,28
4956,11
4957,11
4958,36
4959,3
4960,17
4961,11
4962,33
4963,8
4964,6
4965,10
4966,19
4967,28
4968,29
4969,3
4970,1
4971,3
4972,9
4973,35
4974,0
4975,3
4976,36
4977,5
4978,3
4979,30
4980,4
4981,23
4982,4
4983,29
4984,28
4985,34
4986,37
4987,13
4988,2
4989,28
4990,32
4991,12
4992,13
4993,16
4994,6
4995,9
4996,45
4997,23
4998,20
4999,29
5000,1
5001,2
5002,39
5003,31
5004,9
5005,9
5006,22
5007,4
5008,5
5009,3
5010,22
5011,22
5012,26
5013,26
5014,32
5015,26
5016,28
5017,12
5018,3
5019,11
5020,3
5021,29
5022,34
5023,3
5024,6
5025,37
5026,23
5027,20
5028,15
5029,25
5030,26
5031,3
5032,32
5033,17
5034,37
5035,28
5036,8
5037,4
5038,31
5039,3
5040,0
5041,39
5042,1
5043,42
5044,33
5045,3
5046,10
5047,10
5048,9
5049,16
5050,4
5051,27
5052,3
5053,11
5054,5
5055,11
5056,28
5057,6
5058,28
5059,36
5060,32
5061,28
5062,9
5063,8
5064,1
5065,3
5066,3
5067,26
5068,1
5069,1
5070,30
5071,38
5072,30
5073,3
5074,32
5075,7
5076,36
5077,2
5078,17
5079,27
5080,9
5081,24
5082,22
5083,10
5084,7
5085,3
5086,14
5087,40
5088,8
5089,39
5090,26
5091,0
5092,8
5093,21
5094,20
5095,28
5096,29
5097,31
5098,1
5099,10
5100,45
5101,21
5102,33
5103,3
5104,5
5105,3
5106,24
5107,17
5108,31
5109,19
5110,30
5111,21
5112,43
5113,47
5114,41
5115,4
5116,4
5117,4
5118,37
5119,9
5120,21
5121,1
5122,2
5123,3
5124,3
5125,10
5126,6
5127,16
5128,9
5129,3
5130,26
5131,21
5132,32
5133,3
5134,31
5135,5
5136,11
5137,1
5138,28
5139,3
5140,16
5141,16
5142,3
5143,2
5144,1
5145,27
5146,8
5147,1
5148,13
5149,3
5150,32
5151,19
5152,8
5153,21
5154,38
5155,13
5156,8
5157,29
5158,24
5159,22
5160,2
5161,42
5162,32
5163,10
5164,18
5165,4
5166,3
5167,9
5168,47
5169,1
5170,15
5171,8
5172,1
5173,29
5174,18
5175,32
5176,4
5177,25
5178,1
5179,3
5180,21
5181,38
5182,31
5183,23
5184,43
5185,2
5186,35
5187,12
5188,44
5189,5
5190,24
5191,32
5192,12
5193,22
5194,40
5195,6
5196,11
5197,48
5198,1
5199,9
5200,12
5201,3
5202,38
5203,28
5204,32
5205,10
5206,28
5207,44
5208,32
5209,14
5210,5
5211,36
5212,3
5213,4
5214,23
5215,3
5216,9
5217,10
5218,23
5219,14
5220,1
5221,3
5222,3
5223,41
5224,24
5225,17
5226,39
5227,13
5228,30
5229,28
5230,1
5231,16
5232,7
5233,26
5234,1
5235,16
5236,14
5237,3
5238,14
5239,15
5240,1
5241,3
5242,1
5243,19
5244,16
5245,38
5246,1
5247,32
5248,9
5249,4
5250,20
5251,28
5252,8
5253,22
5254,17
5255,22
5256,26
5257,3
5258,17
5259,39
5260,43
5261,15
5262,8
5263,32
5264,38
5265,9
5266,3
5267,11
5268,32
5269,42
5270,37
5271,13
5272,28
5273,14
5274,40
5275,0
5276,12
5277,1
5278,30
5279,8
5280,2
5281,15
5282,1
5283,11
5284,38
5285,32
5286,3
5287,8
5288,38
5289,1
5290,31
5291,1
5292,46
5293,24
5294,1
5295,6
5296,3
5297,31
5298,3
5299,14
5300,4
5301,16
5302,16
5303,3
5304,1
5305,28
5306,3
5307,16
5308,6
5309,33
5310,16
5311,15
5312,11
5313,1
5314,36
5315,44
5316,4
5317,11
5318,1
5319,3
5320,10
5321,32
5322,11
5323,41
5324,3
5325,4
5326,31
5327,0
5328,1
5329,8
5330,4
5331,37
5332,3
5333,22
5334,15
5335,4
5336,6
5337,11
5338,11
5339,17
5340,10
5341,3
5342,42
5343,6
5344,41
5345,3
5346,7
5347,48
5348,36
5349,0
5350,7
5351,11
5352,10
5353,13
5354,19
5355,25
5356,40
5357,17
5358,1
5359,36
5360,3
5361,39
5362,2
5363,15
5364,17
5365,3
5366,21
5367,43
5368,3
5369,32
5370,39
5371,9
5372,16
5373,20
5374,38
5375,1
5376,15
5377,39
5378,15
5379,9
5380,16
5381,22
5382,19
5383,38
5384,24
5385,4
5386,2
5387,7
5388,2
5389,39
5390,6
5391,3
5392,32
5393,4
5394,8
5395,9
5396,17
5397,19
5398,2
5399,36
5400,15
5401,32
5402,39
5403,32
5404,42
5405,3
5406,38
5407,32
5408,20
5409,31
5410,1
5411,1
5412,10
5413,3
5414,47
5415,11
5416,30
5417,31
5418,6
5419,10
5420,2
5421,41
5422,11
5423,16
5424,6
5425,32
5426,31
5427,14
5428,16
5429,8
5430,9
5431,6
5432,3
5433,14
5434,10
5435,16
5436,34
5437,8
5438,14
5439,34
5440,3
5441,3
5442,18
5443,36
5444,1
5445,39
5446,10
5447,15
5448,9
5449,32
5450,47
5451,24
5452,44
5453,3
5454,16
5455,17
5456,10
5457,1
5458,24
5459,1
5460,11
5461,13
5462,17
5463,0
5464,14
5465,9
5466,4
5467,26
5468,22
5469,38
5470,0
5471,3
5472,39
5473,1
5474,1
5475,16
5476,41
5477,4
5478,4
5479,3
5480,6
5481,22
5482,7
5483,2
5484,3
5485,24
5486,22
5487,10
5488,11
5489,3
5490,24
5491,37
5492,42
5493,4
5494,10
5495,11
5496,38
5497,17
5498,3
5499,22
5500,3
5501,1
5502,11
5503,1
5504,3
5505,26
5506,11
5507,22
5508,4
5509,4
5510,2
5511,5
5512,3
5513,5
5514,17
5515,22
5516,36
5517,23
5518,15
5519,39
5520,39
5521,32
5522,31
5523,3
5524,20
5525,39
5526,15
5527,1
5528,19
5529,36
5530,21
5531,8
5532,21
5533,35
5534,32
5535,28
5536,41
5537,21
5538,26
5539,18
5540,47
5541,4
5542,3
5543,1
5544,1
5545,43
5546,33
5547,16
5548,11
5549,0
5550,26
5551,4
5552,41
5553,21
5554,24
5555,3
5556,2
5557,3
5558,9
5559,18
5560,1
5561,22
5562,31
5563,15
5564,22
5565,16
5566,3
5567,8
5568,16
5569,16
5570,15
5571,13
5572,1
5573,21
5574,19
5575,43
5576,3
5577,1
5578,11
5579,30
5580,1
5581,10
5582,21
5583,16
5584,1
5585,1
5586,31
5587,10
5588,1
5589,1
5590,1
5591,31
5592,26
5593,28
5594,32
5595,39
5596,13
5597,1
5598,30
5599,2
5600,7
5601,46
5602,3
5603,16
5604,15
5605,10
5606,30
5607,5
5608,9
5609,1
5610,3
5611,15
5612,14
5613,28
5614,41
5615,4
5616,41
5617,22
5618,17
5619,16
5620,22
5621,28
5622,47
5623,46
5624,48
5625,6
5626,7
5627,14
5628,28
5629,38
5630,13
5631,3
5632,3
5633,16
5634,24
5635,1
5636,3
5637,3
5638,11
5639,4
5640,16
5641,16
5642,28
5643,17
5644,30
5645,4
5646,10
5647,16
5648,31
5649,28
5650,32
5651,9
5652,35
5653,14
5654,43
5655,1
5656,33
5657,35
5658,10
5659,1
5660,45
5661,15
5662,31
5663,1
5664,26
5665,28
5666,8
5667,28
5668,10
5669,47
5670,16
5671,21
5672,3
5673,4
5674,3
5675,1
5676,29
5677,16
5678,3
5679,3
5680,13
5681,13
5682,3
5683,4
5684,18
5685,14
5686,5
5687,9
5688,26
5689,8
5690,3
5691,16
5692,17
5693,1
5694,3
5695,17
5696,2
5697,15
5698,47
5699,5
5700,1
5701,32
5702,6
5703,25
5704,1
5705,16
5706,14
5707,17
5708,9
5709,3
5710,31
5711,23
5712,32
5713,15
5714,21
5715,21
5716,19
5717,14
5718,4
5719,32
5720,10
5721,8
5722,11
5723,28
5724,12
5725,45
5726,3
5727,3
5728,12
5729,40
5730,32
5731,6
5732,1
5733,7
5734,16
5735,31
5736,21
5737,16
5738,3
5739,33
5740,17
5741,11
5742,4
5743,2
5744,16
5745,25
5746,4
5747,3
5748,3
5749,21
5750,19
5751,28
5752,28
5753,3
5754,8
5755,5
5756,3
5757,3
5758,25
5759,10
5760,16
5761,12
5762,25
5763,10
5764,1
5765,1
5766,16
5767,3
5768,39
5769,9
5770,1
5771,15
5772,10
5773,21
5774,1
5775,28
5776,1
5777,16
5778,17
5779,36
5780,41
5781,38
5782,1
5783,16
5784,10
5785,1
5786,16
5787,1
5788,29
5789,36
5790,11
5791,13
5792,10
5793,14
5794,3
5795,20
5796,3
5797,32
5798,12
5799,36
5800,32
5801,32
5802,24
5803,38
5804,14
5805,8
5806,19
5807,38
5808,14
5809,16
5810,6
5811,2
5812,26
5813,29
5814,35
5815,29
5816,26
5817,3
5818,0
5819,47
5820,28
5821,14
5822,9
5823,9
5824,42
5825,8
5826,32
5827,23
5828,47
5829,21
5830,18
5831,15
5832,3
5833,16
5834,3
5835,13
5836,23
5837,9
5838,4
5839,38
5840,6
5841,17
5842,43
5843,10
5844,3
5845,13
5846,10
5847,19
5848,16
5849,4
5850,32
5851,32
5852,10
5853,4
5854,8
5855,1
5856,7
5857,19
5858,18
5859,1
5860,17
5861,14
5862,16
5863,16
5864,4
5865,38
5866,32
5867,5
5868,31
5869,9
5870,4
5871,17
5872,3
5873,31
5874,3
5875,13
5876,17
5877,31
5878,44
5879,3
5880,22
5881,5
5882,45
5883,16
5884,16
5885,10
5886,38
5887,16
5888,39
5889,18
5890,24
5891,11
5892,17
5893,29
5894,45
5895,3
5896,26
5897,18
5898,1
5899,28
5900,24
5901,0
5902,9
5903,22
5904,1
5905,4
5906,2
5907,31
5908,28
5909,1
5910,3
5911,36
5912,16
5913,18
5914,9
5915,27
5916,28
5917,3
5918,15
5919,32
5920,23
5921,10
5922,21
5923,1
5924,8
5925,1
5926,24
5927,21
5928,9
5929,39
5930,35
5931,9
5932,6
5933,11
5934,16
5935,28
5936,6
5937,7
5938,4
5939,10
5940,35
5941,28
5942,16
5943,16
5944,15
5945,27
5946,17
5947,47
5948,36
5949,43
5950,1
5951,28
5952,25
5953,16
5954,16
5955,29
5956,3
5957,32
5958,3
5959,3
5960,31
5961,5
5962,44
5963,28
5964,37
5965,25
5966,6
5967,16
5968,10
5969,8
5970,3
5971,11
5972,10
5973,9
5974,39
5975,1
5976,30
5977,12
5978,10
5979,15
5980,32
5981,12
5982,5
5983,37
5984,18
5985,1
5986,1
5987,41
5988,8
5989,1
5990,27
5991,4
5992,3
5993,11
5994,38
5995,16
5996,1
5997,7
5998,23
5999,10
6000,10
6001,42
6002,27
6003,19
6004,28
6005,3
6006,1
6007,13
6008,31
6009,16
6010,36
6011,1
6012,2
6013,0
6014,14
6015,1
6016,28
6017,1
6018,23
6019,3
6020,22
6021,22
6022,11
6023,3
6024,11
6025,3
6026,28
6027,17
6028,23
6029,24
6030,27
6031,19
6032,37
6033,39
6034,21
6035,23
6036,3
6037,17
6038,16
6039,28
6040,38
6041,31
6042,39
6043,4
6044,22
6045,48
6046,38
6047,22
6048,40
6049,3
6050,22
6051,31
6052,18
6053,3
6054,9
6055,28
6056,16
6057,7
6058,47
6059,34
6060,22
6061,4
6062,47
6063,18
6064,5
6065,4
6066,15
6067,14
6068,9
6069,28
6070,39
6071,2
6072,31
6073,16
6074,15
6075,35
6076,11
6077,28
6078,11
6079,22
6080,13
6081,28
6082,1
6083,32
6084,29
6085,7
6086,16
6087,4
6088,30
6089,12
6090,38
6091,27
6092,1
6093,13
6094,38
6095,1
6096,19
6097,13
6098,29
6099,3
6100,10
6101,8
6102,28
6103,10
6104,16
6105,16
6106,46
6107,14
6108,1
6109,9
6110,36
6111,13
6112,3
6113,3
6114,10
6115,10
6116,35
6117,25
6118,17
6119,3
6120,10
6121,9
6122,16
6123,27
6124,14
6125,11
6126,3
6127,0
6128,6
6129,28
6130,3
6131,0
6132,11
6133,17
6134,23
6135,6
6136,17
6137,1
6138,24
6139,1
6140,1
6141,19
6142,3
6143,16
6144,31
6145,3
6146,47
6147,3
6148,9
6149,21
6150,32
6151,3
6152,31
6153,16
6154,3
6155,1
6156,36
6157,45
6158,35
6159,1
6160,14
6161,8
6162,16
6163,12
6164,9
6165,1
6166,15
6167,14
6168,1
6169,4
6170,39
6171,7
6172,44
6173,37
6174,3
6175,39
6176,20
6177,10
6178,16
6179,18
6180,30
6181,1
6182,13
6183,3
6184,16
6185,3
6186,17
6187,1
6188,39
6189,38
6190,40
6191,4
6192,18
6193,16
6194,4
6195,1
6196,1
6197,32
6198,24
6199,1
6200,4
6201,16
6202,21
6203,5
6204,16
6205,3
6206,8
6207,15
6208,16
6209,12
6210,38
6211,1
6212,3
6213,3
6214,16
6215,30
6216,22
6217,10
6218,32
6219,36
6220,39
6221,10
6222,4
6223,36
6224,31
6225,9
6226,24
6227,10
6228,28
6229,4
6230,3
6231,9
6232,6
6233,9
6234,41
6235,10
6236,31
6237,1
6238,1
6239,31
6240,16
6241,3
6242,8
6243,32
6244,4
6245,11
6246,25
6247,1
6248,14
6249,45
6250,39
6251,9
6252,10
6253,1
6254,32
6255,21
6256,28
6257,10
6258,17
6259,24
6260,1
6261,1
6262,1
6263,37
6264,3
6265,5
6266,4
6267,11
6268,47
6269,3
6270,36
6271,9
6272,20
6273,1
6274,7
6275,1
6276,11
6277,25
6278,3
6279,28
6280,17
6281,32
6282,10
6283,32
6284,17
6285,10
6286,1
6287,45
6288,40
6289,44
6290,35
6291,1
6292,39
6293,0
6294,21
6295,39
6296,30
6297,1
6298,3
6299,18
6300,9
6301,38
6302,28
6303,29
6304,13
6305,0
6306,14
6307,3
6308,10
6309,39
6310,10
6311,4
6312,28
6313,28
6314,21
6315,21
6316,43
6317,33
6318,19
6319,9
6320,26
6321,12
6322,43
6323,22
6324,28
6325,4
6326,9
6327,14
6328,28
6329,25
6330,31
6331,3
6332,11
6333,21
6334,9
6335,28
6336,1
6337,22
6338,24
6339,15
6340,3
6341,24
6342,30
6343,24
6344,37
6345,0
6346,17
6347,16
6348,22
6349,18
6350,1
6351,3
6352,43
6353,16
6354,23
6355,1
6356,1
6357,16
6358,11
6359,23
6360,31
6361,3
6362,10
6363,15
6364,3
6365,45
6366,17
6367,1
6368,3
6369,0
6370,36
6371,14
6372,10
6373,21
6374,22
6375,36
6376,23
6377,13
6378,1
6379,21
6380,18
6381,7
6382,27
6383,4
6384,19
6385,16
6386,3
6387,25
6388,3
6389,5
6390,47
6391,16
6392,9
6393,1
6394,39
6395,16
6396,13
6397,28
6398,3
6399,27
6400,15
6401,25
6402,1
6403,34
6404,6
6405,32
6406,14
6407,1
6408,21
6409,16
6410,12
6411,3
6412,42
6413,28
6414,0
6415,16
6416,16
6417,13
6418,10
6419,6
6420,8
6421,4
6422,43
6423,8
6424,15
6425,36
6426,3
6427,23
6428,14
6429,31
6430,32
6431,9
6432,31
6433,35
6434,24
6435,13
6436,3
6437,32
6438,41
6439,16
6440,7
6441,9
6442,8
6443,14
6444,32
6445,40
6446,9
6447,48
6448,39
6449,15
6450,8
6451,7
6452,22
6453,17
6454,11
6455,27
6456,26
6457,1
6458,0
6459,42
6460,27
6461,9
6462,20
6463,13
6464,8
6465,3
6466,8
6467,22
6468,8
6469,13
6470,3
6471,11
6472,4
6473,38
6474,22
6475,9
6476,36
6477,12
6478,28
6479,31
6480,3
6481,1
6482,1
6483,33
6484,19
6485,3
6486,23
6487,1
6488,20
6489,38
6490,3
6491,17
6492,15
6493,28
6494,16
6495,11
6496,36
6497,12
6498,16
6499,31
6500,30
6501,16
6502,19
6503,3
6504,27
6505,16
6506,21
6507,15
6508,12
6509,31
6510,10
6511,3
6512,1
6513,21
6514,6
6515,38
6516,43
6517,30
6518,13
6519,42
6520,26
6521,10
6522,3
6523,42
6524,13
6525,11
6526,0
6527,1
6528,47
6529,3
6530,28
6531,30
6532,37
6533,47
6534,35
6535,19
6536,23
6537,3
6538,3
6539,28
6540,2
6541,41
6542,19
6543,16
6544,9
6545,39
6546,3
6547,9
6548,28
6549,32
6550,19
6551,18
6552,10
6553,12
6554,1
6555,3
6556,31
6557,3
6558,4
6559,32
6560,15
6561,8
6562,26
6563,16
6564,16
6565,4
6566,1
6567,17
6568,1
6569,39
6570,26
6571,43
6572,47
6573,1
6574,47
6575,16
6576,38
6577,6
6578,39
6579,3
6580,10
6581,13
6582,29
6583,23
6584,36
6585,38
6586,31
6587,36
6588,21
6589,32
6590,28
6591,29
6592,7
6593,16
6594,28
6595,1
6596,19
6597,3
6598,3
6599,35
6600,21
6601,3
6602,15
6603,38
6604,30
6605,14
6606,39
6607,1
6608,16
6609,3
6610,22
6611,9
6612,6
6613,15
6614,39
6615,43
6616,3
6617,3
6618,3
6619,16
6620,21
6621,8
6622,32
6623,22
6624,21
6625,47
6626,23
6627,3
6628,9
6629,15
6630,36
6631,16
6632,16
6633,14
6634,10
6635,4
6636,10
6637,1
6638,11
6639,16
6640,7
6641,17
6642,32
6643,3
6644,10
6645,14
6646,16
6647,30
6648,43
6649,3
6650,43
6651,6
6652,4
6653,41
6654,35
6655,32
6656,1
6657,3
6658,3
6659,9
6660,15
6661,16
6662,3
6663,3
6664,4
6665,8
6666,17
6667,16
6668,28
6669,10
6670,1
6671,11
6672,28
6673,4
6674,2
6675,3
6676,32
6677,0
6678,30
6679,1
6680,3
6681,13
6682,29
6683,33
6684,28
6685,36
6686,5
6687,20
6688,29
6689,15
6690,1
6691,28
6692,9
6693,28
6694,1
6695,7
6696,22
6697,16
6698,4
6699,8
6700,11
6701,21
6702,9
6703,19
6704,17
6705,10
6706,10
6707,9
6708,14
6709,16
6710,36
6711,37
6712,3
6713,3
6714,1
6715,31
6716,19
6717,3
6718,26
6719,44
6720,2
6721,28
6722,38
6723,41
6724,41
6725,47
6726,3
6727,17
6728,29
6729,9
6730,9
6731,35
6732,19
6733,1
6734,3
6735,28
6736,8
6737,17
6738,38
6739,0
6740,22
6741,16
6742,4
6743,4
6744,24
6745,9
6746,22
6747,3
6748,27
6749,21
6750,16
6751,8
6752,16
6753,8
6754,35
6755,3
6756,28
6757,16
6758,7
6759,38
6760,14
6761,12
6762,41
6763,22
6764,0
6765,16
6766,42
6767,26
6768,0
6769,28
6770,1
6771,10
6772,4
6773,2
6774,10
6775,9
6776,3
6777,7
6778,1
6779,38
6780,6
6781,11
6782,12
6783,27
6784,17
6785,3
6786,16
6787,29
6788,16
6789,38
6790,14
6791,36
6792,37
6793,20
6794,31
6795,11
6796,39
6797,9
6798,32
6799,14
6800,3
6801,32
6802,6
6803,32
6804,10
6805,0
6806,22
6807,31
6808,8
6809,11
6810,15
6811,15
6812,42
6813,21
6814,39
6815,14
6816,10
6817,3
6818,13
6819,22
6820,16
6821,11
6822,3
6823,16
6824,43
6825,17
6826,6
6827,17
6828,31
6829,35
6830,1
6831,4
6832,47
6833,1
6834,19
6835,17
6836,4
6837,1
6838,21
6839,12
6840,11
6841,44
6842,6
6843,1
6844,34
6845,32
6846,8
6847,3
6848,7
6849,3
6850,3
6851,31
6852,1
6853,9
6854,4
6855,16
6856,14
6857,3
6858,18
6859,1
6860,22
6861,3
6862,39
6863,15
6864,14
6865,9
6866,47
6867,5
6868,30
6869,28
6870,42
6871,28
6872,3
6873,10
6874,16
6875,7
6876,22
6877,4
6878,16
6879,2
6880,1
6881,3
6882,16
6883,9
6884,31
6885,21
6886,1
6887,19
6888,4
6889,8
6890,47
6891,17
6892,32
6893,10
6894,7
6895,3
6896,12
6897,43
6898,19
6899,11
6900,12
6901,3
6902,37
6903,3
6904,11
6905,39
6906,10
6907,16
6908,19
6909,24
6910,47
6911,34
6912,15
6913,21
6914,22
6915,11
6916,16
6917,43
6918,1
6919,7
6920,10
6921,14
6922,4
6923,1
6924,10
6925,3
6926,45
6927,33
6928,11
6929,8
6930,47
6931,37
6932,23
6933,30
6934,31
6935,8
6936,8
6937,4
6938,3
6939,38
6940,10
6941,43
6942,21
6943,1
6944,21
6945,27
6946,30
6947,6
6948,36
6949,4
6950,4
6951,16
6952,4
6953,7
6954,6
6955,3
6956,38
6957,9
6958,11
6959,18
6960,4
6961,28
6962,11
6963,32
6964,23
6965,44
6966,2
6967,6
6968,1
6969,31
6970,6
6971,37
6972,3
6973,1
6974,31
6975,17
6976,36
6977,36
6978,4
6979,36
6980,19
6981,0
6982,1
6983,47
6984,35
6985,3
6986,23
6987,1
6988,29
6989,3
6990,46
6991,1
6992,3
6993,10
6994,0
6995,11
6996,12
6997,8
6998,16
6999,11
7000,3
7001,15
7002,1
7003,15
7004,24
7005,35
7006,3
7007,38
7008,16
7009,1
7010,2
7011,27
7012,14
7013,2
7014,3
7015,10
7016,37
7017,38
7018,1
7019,32
7020,3
7021,0
7022,3
7023,8
7024,4
7025,28
7026,3
7027,9
7028,3
7029,24
7030,3
7031,2
7032,33
7033,48
7034,12
7035,12
7036,21
7037,3
7038,3
7039,1
7040,17
7041,32
7042,4
7043,14
7044,3
7045,26
7046,4
7047,4
7048,16
7049,6
7050,16
7051,15
7052,3
7053,32
7054,4
7055,9
7056,22
7057,31
7058,11
7059,45
7060,10
7061,9
7062,21
7063,31
7064,14
7065,3
7066,3
7067,1
7068,36
7069,29
7070,22
7071,16
7072,25
7073,1
7074,24
7075,13
7076,43
7077,6
7078,3
7079,1
7080,1
7081,23
7082,0
7083,16
7084,21
7085,44
7086,24
7087,47
7088,15
7089,36
7090,3
7091,10
7092,1
7093,17
7094,14
7095,14
7096,11
7097,43
7098,21
7099,6
7100,21
7101,2
7102,3
7103,28
7104,36
7105,38
7106,8
7107,36
7108,1
7109,9
7110,3
7111,14
7112,1
7113,14
7114,13
7115,48
7116,44
7117,18
7118,38
7119,4
7120,3
7121,32
7122,11
7123,1
7124,14
7125,15
7126,36
7127,3
7128,21
7129,33
7130,16
7131,28
7132,9
7133,3
7134,1
7135,11
7136,20
7137,17
7138,9
7139,9
7140,3
7141,18
7142,29
7143,36
7144,32
7145,5
7146,40
7147,2
7148,30
7149,16
7150,42
7151,20
7152,10
7153,40
7154,39
7155,22
7156,1
7157,5
7158,3
7159,16
7160,37
7161,0
7162,21
7163,43
7164,27
7165,1
7166,14
7167,1
7168,13
7169,3
7170,26
7171,19
7172,1
7173,10
7174,40
7175,24
7176,4
7177,37
7178,5
7179,10
7180,28
7181,32
7182,16
7183,27
7184,3
7185,4
7186,15
7187,28
7188,6
7189,26
7190,3
7191,9
7192,14
7193,16
7194,3
7195,19
7196,26
7197,3
7198,14
7199,16
7200,8
7201,1
7202,13
7203,6
7204,24
7205,36
7206,11
7207,38
7208,37
7209,3
7210,15
7211,17
7212,37
7213,47
7214,1
7215,27
7216,3
7217,18
7218,11
7219,7
7220,3
7221,12
7222,28
7223,16
7224,3
7225,40
7226,9
